Place,Competitor,DOB,Unnamed: 3,Score,Event List
1,Orlando ORTEGA,29 JUL 1991,ESP,1435,110mH
2,Sergey SHUBENKOV,04 OCT 1990,RUS,1422,110mH
3,Pascal MARTINOT-LAGARDE,22 SEP 1991,FRA,1385,110mH
3,Grant HOLLOWAY,19 NOV 1997,USA,1385,110mH
5,Wenjun XIE,11 JUL 1990,CHN,1379,110mH
6,Omar MCLEOD,25 APR 1994,JAM,1378,110mH
7,Ronald LEVY,30 OCT 1992,JAM,1351,110mH
8,Daniel ROBERTS,13 NOV 1997,USA,1349,110mH
9,Andrew POZZI,15 MAY 1992,GBR,1335,110mH
10,Freddie CRITTENDEN,03 AUG 1994,USA,1334,110mH
11,Gabriel CONSTANTINO,09 FEB 1995,BRA,1317,110mH
11,Wilhem BELOCIAN,22 JUN 1995,FRA,1317,110mH
13,Shane BRATHWAITE,08 FEB 1990,BAR,1314,110mH
14,Devon ALLEN,12 DEC 1994,USA,1303,110mH
15,Antonio ALKANA,12 APR 1990,RSA,1299,110mH
16,Milan TRAJKOVIC,17 MAR 1992,CYP,1298,110mH [60mH ind.]
17,Eduardo RODRIGUES,08 OCT 1995,BRA,1271,110mH
18,Kuei-Ru CHEN,22 SEP 1993,TPE,1269,110mH
19,Hassane FOFANA,28 APR 1992,ITA,1258,110mH
20,Konstantinos DOUVALIDIS,10 MAR 1987,GRE,1250,110mH [60mH ind.]
21,Gregor TRABER,02 DEC 1992,GER,1248,110mH
21,Yaqoub Mohamed AL YOUHA,31 JAN 1993,KUW,1248,110mH
21,Shunsuke IZUMIYA,26 JAN 2000,JPN,1248,110mH
24,Damian CZYKIER,10 AUG 1992,POL,1246,110mH
25,Greggmar SWIFT,16 FEB 1991,BAR,1245,110mH
26,Jarret EATON,24 JUN 1989,USA,1244,110mH [60mH ind.]
26,Aurel MANGA,24 JUL 1992,FRA,1244,110mH [60mH ind.]
26,Shunya TAKAYAMA,03 SEP 1994,JPN,1244,110mH
29,Nicholas HOUGH,20 OCT 1993,AUS,1234,110mH
30,Aleec HARRIS,31 OCT 1990,USA,1230,110mH [60mH ind.]
30,Andrew RILEY,06 SEP 1988,JAM,1230,110mH
32,Jason JOSEPH,11 OCT 1998,SUI,1228,110mH
33,Dimitri BASCOU,20 JUL 1987,FRA,1222,110mH
34,Hansle PARCHMENT,17 JUN 1990,JAM,1218,110mH
34,Lorenzo PERINI,22 JUL 1994,ITA,1218,110mH
36,Jianhang ZENG,17 SEP 1998,CHN,1217,110mH
37,Orlando BENNETT,12 OCT 1999,JAM,1216,110mH
38,Taio KANAI,28 SEP 1995,JPN,1215,110mH
39,David KING,13 JUN 1994,GBR,1210,110mH
40,Shuhei ISHIKAWA,29 MAY 1995,JPN,1207,110mH
41,Johnathan CABRAL,31 DEC 1992,CAN,1206,110mH
42,Vitali PAROKHONKA,18 AUG 1993,BLR,1205,110mH
43,Elmo LAKKA,10 APR 1993,FIN,1204,110mH
44,Jonathas Felipe DA SILVA,30 NOV 1992,BRA,1202,110mH
45,Yohan CHAVERRA,21 MAR 1995,COL,1200,110mH
46,Aaron MALLET,26 SEP 1994,USA,1199,110mH [60mH ind.]
47,Isaiah MOORE,12 JUN 1996,USA,1195,110mH
48,Michael DICKSON,25 JAN 1997,USA,1194,110mH
49,Roger IRIBARNE,02 JAN 1996,CUB,1193,110mH
50,Valdó SZŰCS,29 JUN 1995,HUN,1187,110mH
51,Paulo Henrique DA SILVA,29 JUN 1995,BRA,1184,110mH
51,Cameron FILLERY,02 NOV 1998,GBR,1184,110mH
53,Michael OBASUYI,12 AUG 1999,BEL,1183,110mH
54,Dashaun JACKSON,1997,USA,1174,110mH
55,Artyom MAKARENKO,23 APR 1997,ANA,1173,110mH [60mH ind.]
56,Fanor ESCOBAR,17 DEC 1997,COL,1172,110mH
56,Ruan DE VRIES,01 FEB 1986,RSA,1172,110mH
56,David YEFREMOV,15 JAN 1999,KAZ,1172,110mH
59,Trey CUNNINGHAM,26 AUG 1998,USA,1169,110mH [60mH ind.]
60,Konstantin SHABANOV,17 NOV 1989,ANA,1168,110mH [60mH ind.]
61,Maximilian BAYER,05 DEC 1990,GER,1167,110mH
62,Amine BOUANANI,17 OCT 1997,ALG,1164,110mH
63,Josh THOMPSON,16 JAN 1993,USA,1163,110mH [60mH ind.]
64,Siddhanth THINGALAYA,01 MAR 1991,IND,1162,110mH
65,Damian WARNER,04 NOV 1989,CAN,1161,110mH
66,Wataru YAZAWA,02 JUL 1991,JPN,1159,110mH
67,Michael NICHOLLS,06 APR 1997,BAR,1158,110mH
68,Paolo DAL MOLIN,31 JUL 1987,ITA,1156,110mH
68,Anthony Tyrell KURIKI,17 SEP 1996,JPN,1156,110mH
70,Amere LATTIN,12 JUL 1997,USA,1155,110mH
70,Phillip LEMONIOUS,12 DEC 1998,JAM,1155,110mH
72,Deuce CARTER,28 SEP 1990,JAM,1154,110mH
73,Nicholas ANDREWS,02 FEB 1997,AUS,1152,110mH
73,Jeffrey JULMIS,30 SEP 1987,HAI,1152,110mH [60mH ind.]
75,Ludovic PAYEN,18 FEB 1995,FRA,1151,110mH
76,Wei-Ting YANG,22 SEP 1994,TPE,1148,110mH
77,Enrique LLOPIS,15 OCT 2000,ESP,1146,110mH [60mH ind.]
77,Caleb PARKER,1998,USA,1146,110mH
77,Eric EDWARDS,03 JAN 2000,USA,1146,110mH
80,Ahmad Khader ALMUWALLAD,16 FEB 1988,KSA,1145,110mH
80,Yidiel CONTRERAS,27 NOV 1992,ESP,1145,110mH [60mH ind.]
80,Artur NOGA,02 MAY 1988,POL,1145,110mH
80,João Vitor DE OLIVEIRA,15 MAY 1992,POR,1145,110mH
80,Zhenjiang SUN,25 JAN 1999,CHN,1145,110mH [60mH ind.]
85,Kevin MAYER,10 FEB 1992,FRA,1144,110mH [60mH ind.]
85,Chung Wang CHAN,06 OCT 1991,HKG,1144,110mH
87,Ruebin WALTERS,02 APR 1995,TTO,1143,110mH [60mH ind.]
88,Erik BALNUWEIT,21 SEP 1988,GER,1142,110mH [60mH ind.]
88,Trey HOLLOWAY,07 JUL 1994,USA,1142,110mH
90,Byoungjun KIM,15 AUG 1991,KOR,1139,110mH
90,Louis François MENDY,02 MAR 1999,SEN,1139,110mH
92,Ryan FONTENOT,04 MAY 1986,USA,1137,110mH
92,Benjamin SEDECIAS,18 JAN 1995,FRA,1137,110mH
92,Eddie LOVETT,25 JUN 1992,ISV,1137,110mH
95,Damion THOMAS,29 JUN 1999,JAM,1136,110mH
96,Hideki OMURO,25 JUL 1990,JPN,1135,110mH
97,Khai RILEY-LABORDE,08 NOV 1995,GBR,1134,110mH
97,Andreas MARTINSEN,17 JUL 1990,DEN,1134,110mH
97,Agustin CARRERA,13 JUN 1988,ARG,1134,110mH
97,Rohan COLE,28 OCT 1997,JAM,1134,110mH
101,Jaylan MCCONICO,,USA,1133,110mH [60mH ind.]
101,Michael O'HARA,29 SEP 1996,JAM,1133,110mH
101,Robert DUNNING,23 JUN 1997,USA,1133,110mH
104,Michał SIEROCKI,12 SEP 1999,POL,1132,110mH
104,Tomasu HIGASHI,14 APR 1997,JPN,1132,110mH
106,Tai BROWN,18 APR 2000,USA,1131,110mH
107,Dawid ŻEBROWSKI,08 JAN 1997,POL,1129,110mH [60mH ind.]
107,Oyeniyi ABEJOYE,16 JAN 1994,NGR,1129,110mH
109,Ching Yeung MUI,08 MAR 1993,HKG,1125,110mH
110,Chad ZALLOW,25 APR 1997,USA,1124,110mH [60mH ind.]
111,Vladimir VUKICEVIC,06 MAY 1991,NOR,1123,110mH [60mH ind.]
112,Myles HUNTER,16 AUG 1995,USA,1122,110mH
113,Ryota FUJII,29 JUL 1996,JPN,1121,110mH
113,Brendan AMES,06 OCT 1988,USA,1121,110mH [60mH ind.]
115,Koen SMET,09 AUG 1992,NED,1119,110mH [60mH ind.]
116,Filipp SHABANOV,29 JAN 1991,RUS,1118,110mH [60mH ind.]
116,Yordan O'FARRILL,09 FEB 1993,CUB,1118,110mH
116,Arthur PRICE,,USA,1118,110mH
119,Mohamed KOUSSI,15 MAR 1994,MAR,1117,110mH
119,Cordell TINCH,,USA,1117,110mH
121,Max HRELJA,30 JAN 1998,SWE,1114,110mH
121,Marquis MORRIS,06 FEB 1996,USA,1114,110mH
123,Joseph DANIELS,12 OCT 1998,CAN,1112,110mH
124,Joshua HAWKINS,09 FEB 1994,NZL,1111,110mH
124,Juan Carlos MORENO,13 JAN 1994,COL,1111,110mH
124,Akihiro OGATA,08 JUN 1994,JPN,1111,110mH
124,Max HAIRSTON,05 AUG 1994,USA,1111,110mH
124,Tatsuya WADO,04 OCT 1990,JPN,1111,110mH
124,Thomas MARTINOT-LAGARDE,07 FEB 1988,FRA,1111,110mH
124,Hirouki SATO,06 AUG 1990,JPN,1111,110mH
131,Jordan CHARLES,29 APR 1995,USA,1110,110mH
131,Lafranz CAMPBELL,19 OCT 1997,JAM,1110,110mH
133,John BURT,10 FEB 1997,USA,1109,110mH [60mH ind.]
133,James WEAVER,25 JUL 1997,GBR,1109,110mH
133,Tade OJORA,14 OCT 1999,GBR,1109,110mH
136,Jacob MCCORRY,20 NOV 1997,AUS,1108,110mH
136,Zijie PAN,07 NOV 1995,CHN,1108,110mH
136,Mikdat SEVLER,21 JAN 1998,TUR,1108,110mH [60mH ind.]
136,Martin VOGEL,16 MAR 1992,GER,1108,110mH
140,Artem SHAMATRIN,15 JUN 1991,UKR,1107,110mH [60mH ind.]
140,Devon WILLIAMS,17 JAN 1994,USA,1107,110mH
142,Hampus WIDLUND,12 FEB 1993,SWE,1106,110mH
142,Loic HERKENRATH,11 JUL 1994,FRA,1106,110mH
144,Brahian PEÑA,03 APR 1994,SUI,1105,110mH
144,Just KWAOU-MATHEY,04 DEC 1999,FRA,1105,110mH [60mH ind.]
146,Masahiro KAGIMOTO,29 SEP 1995,JPN,1104,110mH
147,Luke SIEDHOFF,,USA,1103,110mH
148,Jake PORTER,13 NOV 1993,GBR,1100,110mH
148,Clinton Kingsley BAUTISTA,05 NOV 1992,PHI,1100,110mH
148,Bashiru ABDULLAHI,,NGR,1100,110mH
151,Stephon TORRENCE,1998,USA,1099,110mH [60mH ind.]
152,Tiaan KLEYNHANS,13 JUL 1996,RSA,1098,110mH
153,Romain LECOEUR,09 AUG 1997,FRA,1097,110mH [60mH ind.]
154,Misana VILTZ,21 FEB 1996,USA,1096,110mH
154,Yusuke TAKAHASHI,05 JUL 1996,JPN,1096,110mH
156,Dominik BOCHENEK,14 MAY 1987,POL,1095,110mH [60mH ind.]
156,Rasul DABÓ,14 FEB 1989,POR,1095,110mH [60mH ind.]
156,Nobuaki MORITO,15 APR 1999,JPN,1095,110mH
159,Miguel PERERA,30 SEP 1996,GBR,1094,110mH
159,Pengchuan ZHAO,28 OCT 1993,CHN,1094,110mH [60mH ind.]
159,Aziriah FOSTER,1996,USA,1094,110mH
159,Will AGODU,,USA,1094,110mH
163,Hiroki FUDABA,04 FEB 1994,JPN,1093,110mH
163,Ryota KAWASHIMA,19 MAR 1999,JPN,1093,110mH
165,Austin LYONS,,USA,1092,110mH
165,Justin YOUNG,15 FEB 1999,USA,1092,110mH
167,Wellington ZAZA,20 JAN 1995,LBR,1091,110mH
167,Mason WEH,14 APR 1998,LBR,1091,110mH [60mH ind.]
169,Anton LEVIN,20 OCT 1992,SWE,1090,110mH [60mH ind.]
169,Kyrylo KHOMENKO,07 DEC 1994,UKR,1090,110mH
169,Mohamed Saad NADHEM,17 JAN 1997,IRQ,1090,110mH [60mH ind.]
172,Takumu FURUYA,12 MAR 1997,JPN,1089,110mH
172,Nick JOHNSON,NOV 1997,USA,1089,110mH
174,Ilari MANNINEN,11 OCT 1997,FIN,1088,110mH [60mH ind.]
174,Kaito YOSHIMA,26 APR 1998,JPN,1088,110mH
174,Anthony WILLIAMS,,USA,1088,110mH
177,Javier COLOMO,26 MAR 1994,ESP,1087,110mH
177,Jiming LI,14 MAR 1996,CHN,1087,110mH
177,Jorge ﻿UREÑA,08 OCT 1993,ESP,1087,110mH [60mH ind.]
177,Carl ELLIOT,14 MAR 1998,USA,1087,110mH
177,Luca TRGOVCEVIC,19 MAY 1992,SRB,1087,110mH
182,Simon KRAUSS,12 FEB 1992,FRA,1086,110mH
182,Aaron LEWIS,23 JAN 1996,TTO,1086,110mH
182,Marvin PISTOL,31 JUL 1996,FRA,1086,110mH
182,Ayden OWENS,28 MAY 2000,PUR,1086,110mH [60mH ind.]
182,Chituru ALI,06 APR 1999,ITA,1086,110mH
187,Caleb WILT,31 JAN 1997,USA,1085,110mH [60mH ind.]
187,Mattia MONTINI,07 MAY 1999,ITA,1085,110mH [60mH ind.]
187,Trevor BASSITT,,USA,1085,110mH [60mH ind.]
190,Rayzamshah WAN SOFIAN,11 JAN 1988,MAS,1084,110mH
190,Rikuto HIGUCHI,19 AUG 1999,JPN,1084,110mH
190,Kyohei TERADA,15 JUL 1998,JPN,1084,110mH
193,Jasher FOSTER,,USA,1083,110mH
193,Joseph ANDERSON,30 AUG 1999,USA,1083,110mH
193,Tremayne FLAGLER,1996,USA,1083,110mH [60mH ind.]
193,Odario PHILLIPS,,JAM,1083,110mH
193,Sam BRIXEY,,USA,1083,110mH [60mH ind.]
193,Shane MOFFO,01 MAR 1996,CAN,1083,110mH
193,Shakiel CHATTOO,22 JAN 1996,JAM,1083,110mH [60mH ind.]
200,Silvio HENRIQUE DE SOUZA,21 JUL 1993,BRA,1082,110mH
200,Jonathan ROSS,,USA,1082,110mH
200,Rio MAHOLTRA,28 DEC 1993,INA,1082,110mH
200,Rasheem BROWN,22 MAR 2000,CAY,1082,110mH [60mH ind.]
204,Nicholas ANDERSON,18 APR 1995,USA,1081,110mH
204,Matheus NUNES ROCHA,19 DEC 1994,BRA,1081,110mH
204,Koichiro SHIMIZU,15 FEB 2000,JPN,1081,110mH
207,Cosmin Ilie DUMITRACHE,20 JUL 1994,ROU,1080,110mH [60mH ind.]
207,Fabian MCCALL,,USA,1080,110mH [60mH ind.]
209,Dylan CATY,11 JAN 1997,BEL,1078,110mH
209,Rapolas SAULIUS,15 FEB 1996,LTU,1078,110mH
211,Bashiru ABDILLAHI,26 OCT 1997,NGR,1077,110mH [60mH ind.]
211,Ryo TOKUOKA,27 SEP 1999,JPN,1077,110mH
213,Matthew BEHAN,16 DEC 1996,IRL,1075,110mH [60mH ind.]
214,Fredrik EKHOLM,15 JUN 1994,SWE,1074,110mH [60mH ind.]
214,Chris DOUGLAS,,AUS,1074,110mH [60mH ind.]
214,Bálint SZELES,09 NOV 1998,HUN,1074,110mH [60mH ind.]
214,Jonathan SANTIAGO PAGAN,04 JUL 1992,PUR,1074,110mH
214,Kacper SCHUBERT,10 JUL 1995,POL,1074,110mH [60mH ind.]
214,Richard DIAWARA,21 APR 1995,FRA,1074,110mH [60mH ind.]
214,Kemorena TISANG,25 APR 1995,BOT,1074,110mH
221,Shenglong ZHU,25 JAN 2000,CHN,1073,110mH [60mH ind.]
222,Francisco Javier LÓPEZ,29 DEC 1989,ESP,1072,110mH
222,Sergey SOLODOV,03 JAN 1996,RUS,1072,110mH [60mH ind.]
222,Tao ZHANG,30 SEP 1997,CHN,1072,110mH
222,Arthur GREENLEE,,USA,1072,"110mH [55mH ind.,60mH ind.]"
226,Éder Antonio DE SOUZA,15 OCT 1986,BRA,1071,110mH
226,Michal BROŽ,16 JUN 1992,CZE,1071,110mH [60mH ind.]
226,Martrice MOORE,,USA,1071,110mH
226,Kyong-tae KIM,20 MAR 1997,KOR,1071,110mH
230,Rami GHARSALI,29 MAY 1993,TUN,1070,110mH [60mH ind.]
230,Ethan AKANNI,05 MAR 1999,GBR,1070,110mH
232,Dominik STASKIEWICZ,05 APR 1993,POL,1069,110mH [60mH ind.]
232,Yoan A. VILLA,31 JAN 1998,CUB,1069,110mH
232,Marcus BROWN,,JAM,1069,110mH
235,Patrick PRINCE,29 MAY 1997,USA,1068,110mH
235,Cory POOLE,29 JUL 1999,USA,1068,110mH [60mH ind.]
235,Dániel ESZES,01 JUL 1999,HUN,1068,110mH
235,Oleg SPIRIDONOV,16 AUG 1999,RUS,1068,110mH
239,Loftin KEYS,,USA,1067,110mH
239,Xiaohan NING,24 JAN 2000,CHN,1067,110mH [60mH ind.]
241,Fan JIANG,16 SEP 1989,CHN,1066,110mH [60mH ind.]
241,Dylan BEARD,,USA,1066,110mH [60mH ind.]
243,Job BEINTEMA,24 MAY 1995,NED,1065,110mH [60mH ind.]
243,Pedro GARCÍA,04 APR 1992,ESP,1065,110mH
243,Ronan GREFF,19 AUG 1998,FRA,1065,110mH
246,Paris WILLIAMS,,USA,1064,110mH [60mH ind.]
246,David RYBA,03 FEB 1999,CZE,1064,110mH
246,Tremayne BANKS,29 JUL 1992,USA,1064,110mH [60mH ind.]
246,Vladislav ZYUKOV,23 JUL 1993,RUS,1064,110mH
246,Luis SALORT,26 JUL 1999,ESP,1064,110mH [60mH ind.]
246,Matthew MACNEILL,25 JAN 2000,CAN,1064,110mH [60mH ind.]
252,Javier MCFARLANE,21 OCT 1991,PER,1063,110mH
252,Logan SCHNEIDER,16 MAR 1996,USA,1063,110mH [60mH ind.]
252,Clayton THOMPSON,,USA,1063,110mH [60mH ind.]
255,Juan SCOTT,27 MAY 1997,USA,1062,110mH [60mH ind.]
255,Marcus MAXEY,09 OCT 1990,USA,1062,110mH
255,Matteo NGO,23 MAR 1998,FRA,1062,110mH [60mH ind.]
255,Antoine PAPILLON,25 APR 1996,FRA,1062,110mH
255,Jiří SÝKORA,20 JAN 1995,CZE,1062,110mH [60mH ind.]
255,Stefan VOLZER,16 AUG 2000,GER,1062,110mH [60mH ind.]
255,Pedro P. GUTIÉRREZ,25 APR 2000,CUB,1062,110mH
262,Charlie FORBES,21 MAR 1995,USA,1061,110mH [60mH ind.]
262,Mauricio GARRIDO,30 MAY 1996,PER,1061,110mH
262,Asier MARTINEZ,22 APR 2000,ESP,1061,110mH [60mH ind.]
265,Jamal BRITT,,USA,1060,110mH [60mH ind.]
265,Kenney BROADNAX,,USA,1060,110mH
267,Rafael Henrique CAMPOS PEREIRA,08 APR 1997,BRA,1059,110mH
267,Arnau ERTA,05 APR 1992,ESP,1059,110mH
267,Poulose MAYMON,01 MAY 1997,IND,1059,110mH
270,Kyle CLANCY,,USA,1058,110mH
270,Richard FLOYD,,USA,1058,110mH [60mH ind.]
270,Ernesto PRADOS,21 NOV 1991,ESP,1058,110mH
270,Yang LU,09 JAN 1996,CHN,1058,110mH
270,Josh BRAVERMAN,,USA,1058,110mH [60mH ind.]
275,Wang Fung CHEUNG,21 JAN 1997,HKG,1057,110mH
275,Theodore YOUNG,05 JUL 1996,RSA,1057,110mH
275,Gerard O'DONNELL,06 MAY 1988,IRL,1057,110mH
275,Tre'Bien GILBERT,18 DEC 1999,USA,1057,110mH [60mH ind.]
279,Filip Jakob DEMŠAR,03 APR 2000,SLO,1056,110mH [60mH ind.]
279,Yutaro FURUKAWA,03 JUN 1985,JPN,1056,110mH
279,Rene Jonathan MÄHLMANN,24 OCT 1993,GER,1056,110mH
279,Connor HAM,,USA,1056,110mH [60mH ind.]
279,Stanislav STANKOV,03 AUG 1999,BUL,1056,110mH
279,Jack HATTON,14 FEB 1996,GBR,1056,110mH [60mH ind.]
279,Takahiro YOSHIDA,09 MAY 1997,JPN,1056,110mH
286,Roderick MOODIE,,JAM,1055,110mH
286,De'Vion WILSON,18 MAY 2000,USA,1055,110mH
288,Viktor SOLYANOV,15 JUN 1997,UKR,1054,110mH
289,Surendhar JAYAKUMAR,11 APR 1991,IND,1052,110mH
289,Valtteri KALLIOKULJU,14 JAN 1997,FIN,1052,110mH
291,Denvaughn WHYMNS,12 SEP 2000,BAH,1051,110mH [60mH ind.]
292,Bohdan CHORNOMAZ,02 APR 1996,UKR,1050,110mH [60mH ind.]
292,Taiga YOGOCHI,2000,JPN,1050,110mH
294,Ramon SOSA,11 JAN 1986,DOM,1049,110mH
294,Alex AL AMEEN,02 MAR 1989,NGR,1049,110mH
294,Tyler HUGHES,,USA,1049,110mH
294,Javon GRAHAM,,USA,1049,110mH [60mH ind.]
294,Pierce LEPAGE,22 JAN 1996,CAN,1049,110mH [60mH ind.]
294,Alexander BRORSSON,29 MAY 1990,SWE,1049,110mH [60mH ind.]
294,Johannes TREIEL,04 OCT 1998,EST,1049,110mH
301,Emmanuel TAIT,,USA,1048,110mH [60mH ind.]
301,Maurus MEYER,24 MAY 1995,SUI,1048,110mH [60mH ind.]
303,Israel NELSON,,USA,1047,110mH
303,Joshua SMITH,,USA,1047,110mH
305,Victor FINCHER,01 JAN 1996,USA,1046,110mH [60mH ind.]
305,Dong-min SHIN,21 JUN 1996,KOR,1046,110mH
307,Edson GOMES,01 NOV 1998,POR,1045,110mH
307,Titus MOORE,14 OCT 1999,USA,1045,110mH [60mH ind.]
307,Charles BOWMAN,1996,USA,1045,110mH [60mH ind.]
307,William WATSON,,USA,1045,110mH
307,Shunsuke OZAKI,1995,JPN,1045,110mH
312,Devon MONTGOMERY,,USA,1044,110mH [60mH ind.]
312,Chris GRANT,11 DEC 1996,USA,1044,110mH
312,Gabriele CRNIGOJ,20 DEC 1997,ITA,1044,110mH
312,Hunter APPLING,,USA,1044,110mH
312,Denis YEZHOV,18 MAR 1994,RUS,1044,110mH [60mH ind.]
317,Antonio GARCÍA,12 OCT 1996,ESP,1043,110mH
317,Salvador GARCÍA,08 MAR 1996,MEX,1043,110mH
317,Kevin SÁNCHEZ,27 MAR 1999,ESP,1043,110mH [60mH ind.]
317,Lorenzo JOHNSON,26 MAY 1993,USA,1043,110mH [60mH ind.]
317,Tshepo LEFETE,02 FEB 1992,RSA,1043,110mH
317,Hidetoshi NAKATA,05 MAY 1999,JPN,1043,110mH
317,Ramy Saeed Mohamed EL MAHDY,24 JAN 1992,EGY,1043,110mH
324,Ivan MACH DI PALMSTEIN,02 JAN 1992,ITA,1042,110mH [60mH ind.]
324,Dayo AKINDELE,18 SEP 1996,USA,1042,110mH [60mH ind.]
324,Roshan DAMMIKA RANATHUNGA,10 MAY 1998,SRI,1042,110mH
324,Anthony RICHARDSON,,USA,1042,110mH [60mH ind.]
324,Giano ROBERTS,,JAM,1042,110mH [60mH ind.]
329,Jordan RAMA,19 APR 1995,FRA,1041,110mH
329,Filip BJÖRKLUND,03 OCT 1998,SWE,1041,110mH [60mH ind.]
329,Job MAYHUE,18 SEP 2000,USA,1041,110mH
329,Rashiddo MURATAKE,06 FEB 2002,JPN,1041,110mH
329,Yannick SPISSINGER,1995,GER,1041,110mH [60mH ind.]
329,Kristaps SIETIŅŠ,13 MAR 1993,LAT,1041,110mH [60mH ind.]
335,Finley GAIO,15 APR 1999,SUI,1040,110mH [60mH ind.]
335,Ian DAVIS,1998,USA,1040,110mH
335,Tyricke DICKENS,23 MAR 1999,USA,1040,110mH [60mH ind.]
335,Kenta YAMAMOTO,17 MAY 1995,JPN,1040,110mH
335,Bretram ROGERS,19 AUG 1999,USA,1040,110mH [60mH ind.]
335,Subaru NAKANO,26 SEP 1997,JPN,1040,110mH
335,Tayshaun CHISHOLM,1999,USA,1040,110mH [60mH ind.]
335,Oleksiy OVCHARENKO,19 JAN 1999,UKR,1040,110mH
335,Milan RISTIČ,08 AUG 1991,SRB,1040,110mH
344,Oluwasegun MAKINDE,06 JUL 1991,CAN,1039,110mH
344,Viktar SINKAVETS,25 JUN 1998,BLR,1039,110mH
344,Deion LIGHTFOOT,31 DEC 1998,USA,1039,110mH
344,Casimir TAWIAH,25 NOV 1997,USA,1039,110mH [60mH ind.]
344,Jan KISIALA,10 APR 1998,CZE,1039,110mH
344,Rowan MALVEZIN,10 MAR 1993,FRA,1039,110mH
344,Keiso PEDRIKS,30 APR 1994,EST,1039,110mH
351,Connor DURICKY,,USA,1038,"110mH [55mH ind.,60mH ind.]"
351,Quivell JORDAN,08 AUG 1999,USA,1038,110mH [60mH ind.]
351,Joseph SQUIRE,,USA,1038,110mH
351,Rai IGARASHI,16 JUL 1997,JPN,1038,110mH
355,Da'Juan SEWARD,15 AUG 1996,USA,1037,110mH [60mH ind.]
355,Cristian Augusto ALZATE,11 MAR 1992,COL,1037,110mH
355,Errik SNELL,,USA,1037,110mH [60mH ind.]
355,Mathew LEWIS-BANKS,1999,USA,1037,110mH [60mH ind.]
355,Santeri KUUSINIEMI,10 OCT 1998,FIN,1037,110mH [60mH ind.]
355,Yuta KITAKI,27 SEP 1999,JPN,1037,110mH
361,Denis HANJOUL,17 JAN 1991,BEL,1036,110mH [60mH ind.]
361,Gleb YEGOROV,27 JUN 1997,RUS,1036,110mH [60mH ind.]
361,Alwyn BOTHMA,24 FEB 1998,RSA,1036,110mH
361,Masanori NISHIZAWA,16 JUL 1987,JPN,1036,110mH
365,Sydne DAVIS,,USA,1035,110mH [60mH ind.]
365,Patrick KIMBALL,,USA,1035,110mH [60mH ind.]
365,Daisuke INUI,01 MAY 1995,JPN,1035,110mH
365,Christiean BROWN,,USA,1035,110mH [60mH ind.]
369,Thomas MOALLIC,04 JUN 1991,FRA,1034,110mH [60mH ind.]
370,Nick RACK,,USA,1033,110mH
370,Lei MA,29 JUN 1989,CHN,1033,110mH
372,Collin HARDEN,21 JUL 1998,USA,1032,110mH [60mH ind.]
372,Micah FONTAINE,,USA,1032,110mH [60mH ind.]
372,Zhenhua WU,26 AUG 1998,CHN,1032,110mH
372,Taylor ROONEY,,USA,1032,110mH [60mH ind.]
372,Ke-Wei LIN,07 SEP 1998,TPE,1032,110mH
372,Koty BURTON,,USA,1032,110mH [60mH ind.]
372,Norman PITTERSGILL,04 SEP 1996,JAM,1032,110mH
372,Yusei SUZUKI,12 JAN 2000,JPN,1032,110mH
380,Konstantinos CHINTAS,18 JAN 1994,GRE,1031,110mH [60mH ind.]
380,Jaylen BANKS,,USA,1031,110mH
380,Nicolas BOROME,07 OCT 1993,FRA,1031,110mH
383,Francesco FERRANTE,13 MAY 1996,ITA,1030,110mH
383,Roland AMARTEIFIO,,USA,1030,110mH [60mH ind.]
383,Kentre PATTERSON,,USA,1030,110mH [60mH ind.]
386,Robert MILLER,,USA,1029,110mH
386,Bryce DOUGLAS,,USA,1029,110mH [60mH ind.]
386,Walter BRIGGS,,USA,1029,110mH [60mH ind.]
386,Haoru SUN,01 MAR 1998,CHN,1029,110mH [60mH ind.]
386,Mathéo BERNAT,27 JUN 1999,FRA,1029,110mH [60mH ind.]
391,Justice BURKS,,USA,1028,110mH
391,Darian CLYBURN,2000,USA,1028,110mH [60mH ind.]
391,Cedric ASDRUBAL,31 AUG 1993,FRA,1028,110mH
391,Yuji KAMEYAMA,09 MAY 1997,JPN,1028,110mH
395,Florian SOMÉ,17 SEP 1994,FRA,1027,110mH
395,Martynas VRAŠINSKAS,30 SEP 1995,LTU,1027,110mH
395,Kevon HOLDER,1999,USA,1027,110mH [60mH ind.]
398,Alin Ionuț ANTON,01 JAN 2000,ROU,1026,110mH [60mH ind.]
399,Ergash NORMURADOV,17 SEP 1995,UZB,1025,110mH [60mH ind.]
399,Yuxuan YANG,27 AUG 2002,CHN,1025,110mH
401,Christopher GRINLEY,18 JUL 1995,USA,1024,110mH [60mH ind.]
401,Charles GRAHAM,1997,USA,1024,110mH [60mH ind.]
401,Tim EIKERMANN,15 FEB 2000,GER,1024,110mH
404,Oleksiy KASYANOV,26 AUG 1985,UKR,1023,110mH [60mH ind.]
404,Maksat KANDYMOV,06 FEB 1995,UKR,1023,110mH [60mH ind.]
404,Paulo NETO,11 MAR 1997,POR,1023,110mH
404,Leo EL ACHKAR,09 FEB 1999,FRA,1023,110mH
404,Dorian ANDREWS,1998,USA,1023,110mH
404,Dashaun JONES,,USA,1023,110mH [60mH ind.]
404,Kizuki KATTA,21 JUN 1999,JPN,1023,110mH
411,Tanner CONNER,,USA,1022,110mH [60mH ind.]
411,Ives CHERUBIN,,HAI,1022,110mH [60mH ind.]
411,Ahmad YOUNG,2000,USA,1022,110mH [60mH ind.]
414,Cole PHILLIPS,,USA,1021,110mH
414,Aaron MURESAN,,USA,1021,110mH [60mH ind.]
414,Konstantin CHELNOKOV,01 NOV 1986,RUS,1021,110mH [60mH ind.]
414,Shunsuke TANI,25 AUG 1998,JPN,1021,110mH
414,Akeem CHUMNEY,02 NOV 1997,SKN,1021,110mH
419,Jonathan HOLM,08 JAN 1994,SWE,1020,110mH
420,Solomon SIMMONS,26 SEP 1993,USA,1019,110mH
420,Josh LAMERS,,USA,1019,110mH [60mH ind.]
420,Jules DE BONT,23 DEC 1994,NED,1019,110mH [60mH ind.]
423,Jonathan HARVEY,,USA,1018,110mH [60mH ind.]
423,Johannes ERM,26 MAR 1998,EST,1018,110mH [60mH ind.]
423,Papa Latyr GUÈYE,08 DEC 1997,SEN,1018,110mH
426,Sierra HENDRIX-WILLIAMS,,USA,1017,110mH [60mH ind.]
426,Brandon SCHULTZ,,USA,1017,110mH [60mH ind.]
426,Marco BIGONI,06 SEP 1998,ITA,1017,110mH [60mH ind.]
429,Vyacheslav ZEMS,02 MAY 1998,KAZ,1015,110mH [60mH ind.]
429,Marc GALE,14 MAY 1998,ESP,1015,110mH [60mH ind.]
431,Juan Pablo GERMAIN,17 JUN 1998,CHI,1014,110mH
431,Shih-Wei HUANG,11 OCT 1995,TPE,1014,110mH
431,Brent CARROLL,1998,USA,1014,110mH [60mH ind.]
431,Xaysa ANOUSONE,20 MAR 1994,LAO,1014,110mH
431,Ryusei EIDA,20 JUL 2000,JPN,1014,110mH
431,Grigoriy MALYARENKO,28 DEC 1998,RUS,1014,110mH
437,Marceau JOVIN,1996,CAN,1013,110mH
437,Furkan AKTAŞ,16 JAN 1998,TUR,1013,110mH [60mH ind.]
437,Jack FLOOD,15 SEP 1995,USA,1013,110mH
437,Daniel ARMSTRONG,2000,USA,1013,110mH
437,Denim ROGERS,,USA,1013,110mH [60mH ind.]
442,Gauthier LAFFONT,27 SEP 1998,FRA,1012,110mH [60mH ind.]
442,Renzo CREMASCHI,06 JUL 1998,ARG,1012,110mH
442,Jan SCHINDZIELORZ,08 AUG 1978,GER,1012,110mH
442,Lenell SHELBY,,USA,1012,110mH
442,Taichi KUBOTA,06 MAY 2000,JPN,1012,110mH
442,Pak Kei CHAN,1995,HKG,1012,110mH
448,Jiří KUBEŠ,03 APR 1995,CZE,1011,110mH [60mH ind.]
448,Ping-Fan CHENG,26 SEP 1995,TPE,1011,110mH
448,Joshua HILLIARD,,USA,1011,110mH [60mH ind.]
448,Marvin TAY,31 DEC 1990,SWE,1011,110mH [60mH ind.]
448,Kenneth SCHULTZE,1997,CAN,1011,110mH
448,Christian JONES,,USA,1011,110mH [60mH ind.]
448,Joseph HOLTHUSEN,,USA,1011,110mH [60mH ind.]
455,Tyrin LEWIS,,USA,1010,110mH [60mH ind.]
455,Nick RÜEGG,28 JUL 2001,SUI,1010,110mH
455,Kordell WILLIAMS,,USA,1010,110mH [60mH ind.]
455,Connor TROYER,,USA,1010,110mH [60mH ind.]
459,Chen Xiang ANG,03 JUL 1994,SGP,1009,110mH
459,Zhongjie GUO,16 FEB 2001,CHN,1009,110mH
459,Darius BERRY,,USA,1009,110mH [60mH ind.]
459,Maor SEGED,15 FEB 1993,ISR,1009,110mH
459,Anastas ELIOPOULOS,04 MAR 1999,CAN,1009,110mH
459,Tyler GARLAND,,USA,1009,110mH
459,Devon BROOKS,,USA,1009,110mH [60mH ind.]
459,Richard GILCHRIST,,USA,1009,110mH
459,Nashu YAMADA,05 NOV 1999,JPN,1009,110mH
459,Petter GUSTAFSSON,23 DEC 1994,SWE,1009,110mH [60mH ind.]
469,Kai KAZMIREK,28 JAN 1991,GER,1008,110mH
469,Muntingh HAMMAN,07 MAR 1990,RSA,1008,110mH
469,Serge GILBERT,,USA,1008,110mH [60mH ind.]
469,Jaelen WILLIAMS,07 JUL 1998,USA,1008,110mH
469,Abdel LARRINAGA,13 JUL 1994,POR,1008,110mH [60mH ind.]
474,Javier DONES,22 JUN 1995,ESP,1007,110mH [60mH ind.]
474,Axel HUBERT,16 FEB 1996,FRA,1007,110mH [60mH ind.]
474,Vincent OHLMAN,,USA,1007,110mH [60mH ind.]
477,Vincent JOHNSON,,USA,1006,110mH [60mH ind.]
477,Mason PLANT,,USA,1006,110mH [60mH ind.]
477,Hideaki TANAKA,22 SEP 1995,JPN,1006,110mH
477,Gaston SAYAGO,21 JAN 1996,ARG,1006,110mH
477,Brandon THORNHILL,,USA,1006,110mH
477,Crockett SCHOOLER,1999,USA,1006,110mH [60mH ind.]
477,Yuto WATASE,24 APR 1997,JPN,1006,110mH
484,Denzel DOWNING,,USA,1004,110mH [60mH ind.]
484,Smith CHRISTIAN,,USA,1004,110mH
484,Jaien WEBSTER,,USA,1004,110mH [60mH ind.]
487,Milad SAYYAR,28 JUL 1989,IRI,1003,110mH [60mH ind.]
487,Ian NIEVES,,PUR,1003,110mH
487,Joel BENGTSSON,06 MAY 1999,SWE,1003,110mH
490,Ivan SUAZO,,USA,1002,110mH [60mH ind.]
490,Mehmet EMIN BAYRAM,02 FEB 1998,TUR,1002,110mH
490,Eddie MAHANA,,USA,1002,110mH [60mH ind.]
490,Amari JAMES,1998,USA,1002,110mH [60mH ind.]
490,Brandon CROWLEY,,USA,1002,110mH [60mH ind.]
490,Matt PRESCOTT,06 MAY 1984,USA,1002,110mH
490,CJ ANDERSON,,USA,1002,110mH [60mH ind.]
490,Julio OLIVEIRA,15 MAY 1996,BRA,1002,110mH
498,Victor WILLIAMS,,USA,1001,110mH
498,Bret DANNIS,1999,USA,1001,110mH
500,Tyler MANSFIELD,,USA,1000,110mH
500,Chun Yan LUI,,HKG,1000,110mH
500,Louis COUZIN,26 APR 1999,FRA,1000,110mH [60mH ind.]
500,Dor HAYON,15 JUL 1998,ISR,1000,110mH
500,Harumi NISHIKAWA,12 MAY 1997,JPN,1000,110mH
505,Melvil CLARICO,22 MAR 1997,FRA,999,110mH [60mH ind.]
505,Rashawn JONES,,USA,999,110mH [60mH ind.]
505,Sander MAES,21 DEC 1992,BEL,999,110mH [60mH ind.]
505,Rushane THOMAS,27 JAN 1995,GBR,999,110mH
505,Axel MARTHELY,25 JAN 1999,FRA,999,110mH
510,Paul GROEN,23 SEP 1989,NED,998,110mH
510,Vincent VERNET,08 AUG 1996,FRA,998,110mH
510,Krzysztof KILJAN,30 DEC 1999,POL,998,110mH
510,Kameron DAVIS,1999,USA,998,110mH [60mH ind.]
510,Daveon FINLEY,1999,USA,998,110mH [60mH ind.]
510,Yevgeniy PROKUZDIN,22 SEP 2000,KAZ,998,110mH [60mH ind.]
516,Timothy DUCKWORTH,18 JUN 1996,GBR,997,110mH [60mH ind.]
516,D'Mahl MCFADDEN,,USA,997,110mH [60mH ind.]
516,Anthony EASTER,14 SEP 1999,USA,997,110mH
516,Julian ANDRIANAVALONA,10 JAN 1999,FRA,997,110mH [60mH ind.]
516,Yuhei NINOMIYA,25 MAY 1999,JPN,997,110mH
521,Marcus KRAH,30 OCT 1997,USA,996,110mH [60mH ind.]
521,Alexandros-Viktor PERISTERIS,16 MAR 1996,GRE,996,110mH [60mH ind.]
521,Devonte VANTERPOOL,,USA,996,110mH
524,Asa ALLEN,,USA,995,110mH
524,Alex DUFF,,USA,995,110mH [60mH ind.]
524,Pieter BRAUN,21 JAN 1993,NED,995,110mH
524,Alex DIMON,,USA,995,110mH [55mH ind.]
524,Mathieu JAQUET,09 JUL 1998,SUI,995,110mH
529,Khalil DORSEY,,USA,994,110mH [60mH ind.]
529,Mohd Rizzua HAIZAD MUHAMAD,29 MAR 1997,MAS,994,110mH
529,Alban LEFEUVRE,06 AUG 1997,FRA,994,110mH
529,Lane KNOCH,,USA,994,110mH
529,Charlie GIFFORD,,USA,994,110mH [60mH ind.]
529,Jakeel SUBER,,USA,994,110mH [60mH ind.]
529,Awyong LIANG QI,13 JAN 1995,SGP,994,110mH
529,Giovanni MARCHETTI,16 MAR 1998,ITA,994,110mH
537,Derreck AFFOR,,USA,993,110mH
537,Nolan VANCAUWEMBERGHE,02 AUG 2000,BEL,993,110mH
537,Jose LOPEZ,,USA,993,110mH [60mH ind.]
540,Harrison WILLIAMS,07 MAR 1996,USA,992,110mH [60mH ind.]
540,Charles KELLY,,USA,992,110mH
540,Julian BODY,18 JUN 1998,USA,992,110mH [60mH ind.]
540,Kanon MORITA,29 MAY 2000,JPN,992,110mH
540,Wavell HINDS,1999,JAM,992,110mH
540,Ayoub BEN NOURI,,MAR,992,110mH
540,Shuai ZHANG,24 JUL 1996,CHN,992,110mH [60mH ind.]
540,Nikolaos FILANDARAKIS,01 JUN 1986,GRE,992,110mH [60mH ind.]
548,Michalis KIAFAS,11 JAN 1993,GRE,991,110mH [60mH ind.]
548,Elliott GRAVES,04 JAN 1998,USA,991,110mH [60mH ind.]
548,Jucian Rafael ALCANTARA PEREIRA,25 JUL 1995,BRA,991,110mH
548,Ondřej KOPECKÝ,16 MAY 1998,CZE,991,110mH
548,Jeremias DANIEL,26 MAY 1997,BRA,991,110mH
548,Peter MORENO,30 DEC 1990,NGR,991,110mH [60mH ind.]
548,Jui-Feng WU,09 SEP 1998,TPE,991,110mH
548,Zhengdong SI,12 JUN 1997,CHN,991,110mH [60mH ind.]
548,Hideaki KATO,06 JUN 1994,JPN,991,110mH
557,Leonardo BROWN,,USA,990,110mH
557,Parker BOWDEN,,USA,990,110mH [55mH ind.]
557,Jordan DAVIS,,USA,990,110mH [60mH ind.]
557,Mattia DI PANFILO,24 OCT 1999,ITA,990,110mH [60mH ind.]
557,Tyreck NEWMAN,,USA,990,110mH [60mH ind.]
557,Thibault MARTIN,18 FEB 1996,FRA,990,110mH
557,Andrey KHAYLOV,03 JUL 1989,RUS,990,110mH [60mH ind.]
564,Niklas RIPPON,01 DEC 1989,GER,989,110mH
564,Anthony CLARK,,USA,989,110mH [60mH ind.]
564,William Mbevi MUTUNGA,17 SEP 1993,KEN,989,110mH
564,Keisuke ENOMOTO,05 MAR 1998,JPN,989,110mH
564,Talatala PO'OI,30 MAR 1997,TGA,989,110mH
569,Zachery ZIEMEK,23 FEB 1993,USA,988,110mH
569,Wei JIANG,12 OCT 1994,CHN,988,110mH [60mH ind.]
569,Kamal GOLAUBE,,USA,988,110mH [60mH ind.]
569,Jacob WRIGHT,1995,USA,988,110mH [60mH ind.]
569,Kaisei IIZUKA,12 JAN 2001,JPN,988,110mH
569,Mathieu LOUISY,08 FEB 1998,FRA,988,110mH
575,Theopolis PHIPPS,1999,USA,987,110mH [60mH ind.]
575,Nicolas CORBIN,,USA,987,110mH [60mH ind.]
575,Artyom KUZNETSOV,29 JUL 1999,RUS,987,110mH [60mH ind.]
575,Sean MCGETRICK,,USA,987,110mH
575,Jason NICHOLSON,10 MAY 1999,GBR,987,110mH [60mH ind.]
575,Akira WAKAYAMA,23 AUG 1998,JPN,987,110mH
575,Koki IWAKIRI,23 AUG 1998,JPN,987,110mH
582,Maksim LOBKOV,20 MAY 1997,RUS,986,110mH
582,Isaiah MCCALL,,USA,986,110mH [60mH ind.]
582,Jackson CHEUNG,1996,CAN,986,110mH [60mH ind.]
582,Maxime MAUGEIN,27 SEP 1992,FRA,986,110mH [60mH ind.]
582,Timothy PAYNE,25 FEB 2000,USA,986,110mH
582,Yuki UEKUSA,21 JUN 1999,JPN,986,110mH
588,Manuel EITEL,28 JAN 1997,GER,985,110mH [60mH ind.]
588,Daniel CISNEROS,02 JUN 1996,ESP,985,110mH [60mH ind.]
590,Levaughn BATTICK,,JAM,984,110mH
590,Ivor METCALF,29 OCT 1995,AUS,984,110mH
590,Victor ORDUNA,08 AUG 1988,ESP,984,110mH
590,Ameer Shakir ANEED,08 OCT 1989,IRQ,984,110mH [60mH ind.]
590,Konstantin RUST,1998,GER,984,110mH [60mH ind.]
590,Jesus SERRANO,,USA,984,110mH [60mH ind.]
590,Diadie CISSOKHO,13 FEB 1994,FRA,984,110mH [60mH ind.]
590,David ADAMS,,USA,984,110mH [60mH ind.]
590,Rhys PHILLIPS,28 APR 1993,BAR,984,110mH
590,Sam CONGER,,USA,984,110mH
600,Shakeem HALL-SMITH,21 APR 1997,BAH,983,110mH
600,Kyle STRAUSS,,USA,983,110mH [60mH ind.]
600,Kollin SMITH,,USA,983,110mH [60mH ind.]
600,Janek ÕIGLANE,25 APR 1994,EST,983,110mH [60mH ind.]
600,Cole SMITH,1999,USA,983,110mH [60mH ind.]
600,Jinichiro KAKIHARA,1997,JPN,983,110mH
600,Amrut TANAJI,13 AUG 1993,IND,983,110mH
607,Isaiah LUCAS,21 MAY 1998,USA,982,110mH [60mH ind.]
607,William RITCHIE-MOULIN,03 DEC 1996,GBR,982,110mH [60mH ind.]
607,Xavier SMITH,,USA,982,110mH [60mH ind.]
610,Marek LUKÁŠ,16 JUL 1991,CZE,981,110mH [60mH ind.]
610,Hyun-woo LEE,07 MAR 1985,KOR,981,110mH
610,Cedric FAUNE,03 MAR 1980,FRA,981,110mH
610,Jalil CLAYTON,1999,USA,981,110mH [60mH ind.]
610,Takanori MAEDA,15 JUL 1997,JPN,981,110mH
615,Alvin VERGEL,08 MAR 1997,PHI,980,110mH
615,Alejandro ROMERO,11 MAY 1998,ESP,980,110mH [60mH ind.]
615,Jamal JANUARY,,USA,980,110mH
615,Tomi ALAO,,USA,980,110mH [60mH ind.]
615,Ryoto ABE,03 MAY 2000,JPN,980,110mH
615,Mosese FOLIAKI,2000,TGA,980,110mH
615,Kuen-Yu HUANG,24 OCT 1994,TPE,980,110mH
622,Kazuaki FURUTA,06 MAY 1992,JPN,979,110mH
623,Gabriel MOORE,10 JAN 1996,USA,978,110mH [60mH ind.]
623,Earl GREEN,1998,USA,978,110mH [60mH ind.]
623,Quanlei YANG,26 OCT 1999,CHN,978,110mH [60mH ind.]
623,Michael MCMAHAN,,USA,978,110mH [60mH ind.]
623,Ben KONOPKA,,USA,978,110mH [60mH ind.]
623,Chris DONALD,,USA,978,110mH [60mH ind.]
623,Payne WYLIE,26 JAN 2000,CAN,978,110mH [60mH ind.]
623,Guoxing SHI,06 OCT 2000,CHN,978,110mH [60mH ind.]
623,Michael Musyoka NZUKU,27 JAN 1997,KEN,978,110mH
632,Ayodeji ADEDOKUN,,USA,977,110mH
632,Brandon SHADE,,USA,977,110mH
632,Vilém STRÁSKÝ,03 JUL 1999,CZE,977,110mH [60mH ind.]
632,Lloyd FACEY,1999,JAM,977,110mH
636,Ro'derick SPEARS,1995,USA,976,110mH [60mH ind.]
636,Kylian MONTFORT,24 MAR 1998,FRA,976,110mH
636,Eric WALKER,1997,USA,976,110mH [60mH ind.]
636,Jordan TORNEY,,USA,976,110mH [60mH ind.]
636,Steven ANDERSON,,USA,976,110mH [60mH ind.]
636,Harun AKIN,03 MAR 1998,TUR,976,110mH [60mH ind.]
636,Jianhang YANG,02 SEP 1996,CHN,976,110mH [60mH ind.]
636,Ketavion HUMBER,,USA,976,110mH
636,Natthaphon DANSUNGNOEN,16 SEP 1997,THA,976,110mH
645,Ben JOHNSON,,USA,975,110mH [60mH ind.]
645,Matej BALUCH,16 OCT 2000,SVK,975,110mH
645,D'Ante YARBOROUGH,16 NOV 1995,USA,975,110mH [60mH ind.]
645,William WINFIELD,,USA,975,110mH [60mH ind.]
645,Jace ROUNDTREE,,USA,975,110mH [60mH ind.]
645,Tyler ETTEL,,USA,975,110mH [60mH ind.]
651,Benedict IAN GAWOK,25 JUL 1999,MAS,974,110mH
651,Apisit PUANGLAMYAI,31 MAY 1998,THA,974,110mH
651,Claudy CATERE,22 APR 1998,FRA,974,110mH
651,Nick WESSELS,,USA,974,110mH [60mH ind.]
655,Callan DAVIES,,USA,973,110mH [60mH ind.]
655,Ashton COLAIRE,1997,CAN,973,110mH [60mH ind.]
655,Daiqwaun FAIRCLOTH,,USA,973,110mH [60mH ind.]
655,Hiroki TOMIYAMA,1997,JPN,973,110mH
659,Hans-Christian HAUSENBERG,18 SEP 1998,EST,972,110mH [60mH ind.]
659,Coby BAILEY,1999,USA,972,110mH [60mH ind.]
659,Tyler KIRKWOOD,1997,USA,972,110mH [60mH ind.]
659,Adam FRANKLIN,,USA,972,110mH [60mH ind.]
659,Logan BRISTOL,,USA,972,110mH [60mH ind.]
659,Alexandru CRUȘELNIȚCHI,16 AUG 1992,MDA,972,110mH [60mH ind.]
659,Derrick OLSEN,,USA,972,110mH [60mH ind.]
659,Hirofumi ABE,19 APR 1985,JPN,972,110mH
659,Edson OLIVEIRA,15 JUL 1991,ANG,972,110mH
668,Makiyah SMALLWOOD,,USA,971,110mH [60mH ind.]
669,Parker JOHNSON,,USA,970,110mH [60mH ind.]
669,Francisco LÓPEZ,16 APR 1995,ESP,970,110mH [60mH ind.]
669,Andre JONES,27 AUG 1998,USA,970,110mH [55mH ind.]
669,Paul MELOCHE,13 MAY 1997,USA,970,110mH [60mH ind.]
669,Cameron HURD,,USA,970,110mH
669,Cody JOHNSON,05 MAY 1998,USA,970,110mH
669,Yi-Wen YANG,15 MAR 2000,TPE,970,110mH
669,Jakob RISTIMETS,07 JUL 1999,EST,970,110mH
677,Mael POMPONNE,25 JAN 1993,FRA,969,110mH
677,Nicola CESCA,11 APR 1997,ITA,969,110mH [60mH ind.]
677,Sam HARTMAN,1999,USA,969,110mH [60mH ind.]
677,Elvis KRYUKOV,01 MAY 1992,CYP,969,110mH
681,Henry ADAMS,,USA,968,110mH [60mH ind.]
682,Viktor KANTELE,11 JAN 1997,FIN,967,110mH
682,Thomas RAVON,01 MAY 1984,FRA,967,110mH
682,Paras PATIL,18 JUL 1998,IND,967,110mH
682,Shawn OHAZURIKE,,USA,967,110mH [60mH ind.]
682,Warren CARTER,,USA,967,110mH
682,Jeffrey YOUNG,,USA,967,110mH [60mH ind.]
682,Felix SCHULZE,1995,GER,967,110mH [60mH ind.]
682,Rhett GONZALES,,USA,967,110mH [60mH ind.]
690,Wiktor SANTKIEWICZ,16 JUL 1998,POL,966,110mH
690,Devin MCKINNEY,,USA,966,110mH [60mH ind.]
690,Marco-Adrien DROZDA,19 OCT 1994,SVK,966,110mH [60mH ind.]
690,Denzel TINSLEY,,USA,966,110mH [60mH ind.]
690,Darren RIDDLES,30 JUN 1998,RSA,966,110mH
690,Zavante CHICHESTER,,USA,966,110mH [60mH ind.]
690,Oliver CHABERT,18 JUN 1999,DEN,966,110mH [60mH ind.]
697,Radu Ovidiu COSTACHE,08 MAY 1998,ROU,965,110mH [60mH ind.]
697,Kyree GERSTLE-GOODMAN,,USA,965,110mH [60mH ind.]
697,Alex PARKER,,USA,965,110mH
697,Patrick WASHINGTON,,USA,965,110mH
701,Kirill KIREYEV,28 AUG 1997,RUS,964,110mH [60mH ind.]
701,Fredrik SAMUELSSON,16 FEB 1995,SWE,964,110mH [60mH ind.]
701,Jordan SANTOS DE SOUZA,30 JUL 1998,BRA,964,110mH
701,Masahiro MANABE,26 FEB 1998,JPN,964,110mH
701,William GRAY,,USA,964,110mH [60mH ind.]
701,Aleksandar GACIC,17 AUG 1999,GER,964,110mH [60mH ind.]
701,Kurgoy Kipkorir ROTICH,05 MAY 1998,KEN,964,110mH
708,Jan DOLEŽAL,06 JUN 1996,CZE,963,110mH [60mH ind.]
708,Jacob MALLY,,USA,963,110mH [60mH ind.]
708,Uriel DISSI TCHAWO,03 JUL 1996,FRA,963,110mH [60mH ind.]
708,Martin SWAN,,USA,963,110mH
708,Edwin ADAMS,,USA,963,110mH [60mH ind.]
713,Josh ETKIND,,USA,962,110mH [60mH ind.]
713,Quincy SANCHEZ,,USA,962,110mH
713,Christian STRONG,1998,USA,962,110mH [60mH ind.]
713,Cheng-Ting LO,14 NOV 1999,TPE,962,110mH
713,Saša BABIĆ,31 AUG 1997,SRB,962,110mH [60mH ind.]
718,Mason GUZMAN-SANCHEZ,,USA,961,110mH
718,Jordan WASHINGTON,,USA,961,110mH [60mH ind.]
718,Leroy WILLIAMS,,USA,961,110mH
718,John BALDWIN,,USA,961,110mH [60mH ind.]
718,Jae-an NAM,25 JAN 1997,KOR,961,110mH
718,Mirko MASULLO,03 OCT 1991,ITA,961,110mH [60mH ind.]
724,Justin GERBRECHT,,USA,960,110mH
724,Kiprono KOSGEI,15 JAN 1988,KEN,960,110mH
724,Tyler NELSON,17 JAN 1996,USA,960,110mH
724,Dylan COOPER,,USA,960,110mH
724,Sergey VETLUGIN,17 NOV 1995,RUS,960,110mH [60mH ind.]
729,Martin POKORNÝ,22 SEP 1988,CZE,959,110mH [60mH ind.]
729,Caleb ANTHONY,,USA,959,110mH [60mH ind.]
729,Vitaliy ZHUK,10 SEP 1996,BLR,959,110mH [60mH ind.]
729,Fredriech PRETORIUS,04 AUG 1995,RSA,959,110mH
729,Mathias BRUGGER,06 AUG 1992,GER,959,110mH [60mH ind.]
729,Jin CAO,24 DEC 1996,CHN,959,110mH [60mH ind.]
729,Chevis ARMSTEAD,1997,USA,959,110mH [60mH ind.]
736,Marcus NILSSON,03 MAY 1991,SWE,958,110mH
736,Adam Sebastian HELCELET,27 OCT 1991,CZE,958,110mH [60mH ind.]
736,Robert TEER,06 APR 2000,USA,958,110mH [60mH ind.]
736,Yuto MORI,17 MAR 1999,JPN,958,110mH
740,Kin Hei FUNG,13 JUN 2000,HKG,957,110mH
740,Jack LINT,06 JAN 1996,USA,957,110mH [60mH ind.]
740,Naoki AMAOKA,15 OCT 2000,JPN,957,110mH
743,Ben HIBBERT,27 AUG 1997,USA,956,110mH [60mH ind.]
743,Frank DOUGLAS,1996,USA,956,110mH [60mH ind.]
743,Matthew WELLS,,USA,956,110mH
743,Dimitri REBUFFEL,01 APR 1994,FRA,956,110mH
743,Devon ALVARADO,,USA,956,110mH
743,Reece YOUNG,03 OCT 1995,GBR,956,110mH
749,Hélio VAZ,01 MAY 1991,POR,955,110mH [60mH ind.]
749,Myron ANDERSON,,USA,955,110mH [60mH ind.]
749,Noah ROGERS,16 SEP 1996,AUS,955,110mH
749,Taraje WHITFIELD,,USA,955,110mH [60mH ind.]
749,Germain BARNES,,USA,955,110mH
749,Micah HAIRSTON,,USA,955,110mH
755,Matt KIRKENDALL,,USA,954,110mH [60mH ind.]
755,Gabrielius BŽESKIS,13 JUL 1998,LTU,954,110mH [60mH ind.]
755,Rafael CORREIA,31 DEC 1993,POR,954,110mH [60mH ind.]
755,Ken MULLINGS,28 APR 1997,BAH,954,110mH
755,Garrett GIBSON,,USA,954,110mH [60mH ind.]
755,Andrew DOCTOR,11 MAY 1999,USA,954,110mH [60mH ind.]
755,Treyshon MALONE,,USA,954,110mH
755,Shota FUKUDA,18 JUL 1998,JPN,954,110mH
755,Andrea PACITTO,26 NOV 1996,ITA,954,110mH [60mH ind.]
764,Storm MALONE,,USA,953,110mH [60mH ind.]
764,Philippe PETITJEAN,05 MAY 1997,FRA,953,110mH
764,Jack MCHUGH,,USA,953,110mH [60mH ind.]
764,Jatavion BOONE,,USA,953,110mH [55mH ind.]
768,Adrian BOLDEANU,21 APR 1995,ROU,952,110mH [60mH ind.]
768,Ramon FLAMMER,06 MAY 1995,SUI,952,110mH [60mH ind.]
768,Hunter WARGO,,USA,952,110mH
768,Darius RELLEFORD,,USA,952,110mH [60mH ind.]
768,Radoš RYKL,18 MAR 1995,CZE,952,110mH
768,Eher Ali ROMAÑA,23 MAY 1999,COL,952,110mH
768,Diemmix RIOS,08 AUG 1996,PUR,952,110mH
768,Diego Francisco SOARES,15 AUG 1995,BRA,952,110mH
768,Musa WISDOM,,NGR,952,110mH
768,Keita SHOJI,13 MAY 1998,JPN,952,110mH
778,Mario ARANCON,29 MAR 1994,ESP,951,110mH
778,Juuso PELTOLA,01 JAN 2001,FIN,951,110mH [60mH ind.]
778,Jared SEAY,,USA,951,110mH [60mH ind.]
778,Gerard MATEU PORRAS,14 APR 1996,ESP,951,110mH [60mH ind.]
778,Ewout DUMON,23 AUG 1995,BEL,951,110mH
778,Hannes KVIST-WIRDMO,15 JUN 1994,SWE,951,110mH [60mH ind.]
784,Nick GUERRANT,,USA,950,110mH [60mH ind.]
784,Riccardo DEL TORRE,12 JAN 1997,ITA,950,110mH
784,Chisom ONUKWUGHA,1998,USA,950,110mH [60mH ind.]
784,Jong-jin WON,19 APR 1988,KOR,950,110mH
784,Alazae HESTER-TAYLOR,,USA,950,110mH [60mH ind.]
784,Jesus CASTILLO,05 AUG 1993,ESP,950,110mH [60mH ind.]
784,Anastasios VASILEIOU,26 APR 1997,CYP,950,110mH
784,Bruno Cesar AMARAL SILVA,13 SEP 1999,BRA,950,110mH
784,Guido WEIS,05 AUG 1991,GER,950,110mH
793,Ignacio DE ESQUIROZ,25 OCT 1989,ESP,949,110mH
793,Maurice HOLMES,,USA,949,110mH [60mH ind.]
793,Ian BROWN,,USA,949,110mH
793,Julien OLIVAS,11 JUN 1996,FRA,949,110mH [60mH ind.]
793,Craig CLARK,,USA,949,110mH [60mH ind.]
793,Tre HOLLINGSWORTH,2000,BAR,949,110mH [60mH ind.]
793,Emrah BOZKURT,15 NOV 1999,TUR,949,110mH
800,Christian CECCATO,,USA,948,110mH
800,Harry MASLEN,02 SEP 1996,GBR,948,110mH [60mH ind.]
800,Miska SUNDBERG,29 NOV 1998,FIN,948,110mH [60mH ind.]
800,Mike JONES,,USA,948,110mH [60mH ind.]
800,Florian TSCHERNIKL,1994,GER,948,110mH [60mH ind.]
800,Niels PITTOMVILS,18 JUL 1992,BEL,948,110mH
800,Brady FRY,,USA,948,110mH [60mH ind.]
800,Jiefu ZHAO,14 JAN 2001,CHN,948,110mH [60mH ind.]
800,Kazuki HOMMA,10 SEP 1999,JPN,948,110mH
809,Makenson GLETTY,02 APR 1999,FRA,947,110mH [60mH ind.]
809,Ori RINAMAN,,USA,947,110mH [60mH ind.]
809,Tobias VOGT,1994,GER,947,110mH [60mH ind.]
809,Ezekiel VAUGHAN,,USA,947,110mH
809,Javier LORENTE,28 SEP 1998,ESP,947,110mH
809,Jaime CARDIEL,19 MAY 2000,ESP,947,110mH [60mH ind.]
809,Moussa CONDE,12 JAN 1996,USA,947,110mH [60mH ind.]
809,Tremaine GONZALEZ,,USA,947,110mH
817,Pieter TOP,,USA,946,110mH [60mH ind.]
817,Matthew PETER,,USA,946,110mH
817,Daniel GOLUBOVIC,29 NOV 1993,USA,946,110mH [60mH ind.]
817,Cwinn FEBUS,,USA,946,110mH [60mH ind.]
817,Huaihai LI,04 MAY 1999,CHN,946,110mH [60mH ind.]
817,Wiseman WERE,1998,KEN,946,110mH
817,Ali SALAMATIAN,29 SEP 2000,IRI,946,110mH
824,Darren PETTY,,USA,945,110mH [60mH ind.]
824,Gaetan BREMENT,24 OCT 1997,FRA,945,110mH [60mH ind.]
824,Fadane HAMADI,21 JUL 1992,COM,945,110mH [60mH ind.]
824,Harrison MANUEL,2000,USA,945,110mH [60mH ind.]
824,Linus Otto BOYER,18 APR 1995,SWE,945,110mH [60mH ind.]
829,Jordan SAMUELS,1996,USA,944,110mH [60mH ind.]
829,Robert SAKALA,05 MAR 1998,GBR,944,110mH
829,Fan YANG,25 JUL 1996,CHN,944,110mH [60mH ind.]
832,Patryk BACHAR,16 NOV 1992,POL,943,110mH [60mH ind.]
833,Marius LEWALD,29 MAY 1999,GER,942,110mH
833,Maicel UIBO,27 DEC 1992,EST,942,110mH
833,Niklas KAUL,11 FEB 1998,GER,942,110mH [60mH ind.]
833,Ken LIN,25 JUN 1999,CHN,942,110mH [60mH ind.]
837,Jose Fernando FERREIRA SANTANA,27 MAR 1999,BRA,941,110mH
837,Rafał HORBOWICZ,01 APR 1998,POL,941,110mH [60mH ind.]
837,Ricardo FLOR,11 AUG 1990,ESP,941,110mH
837,Terrell LEWIS,,USA,941,110mH [60mH ind.]
837,Dajone AVERETT,,USA,941,110mH
837,Matteo ORSATTI,07 OCT 1997,ITA,941,110mH [50mH ind.]
843,Ísak Óli TRAUSTASON,16 OCT 1995,ISL,940,110mH [60mH ind.]
843,Senne SEGERS,15 NOV 1995,BEL,940,110mH [60mH ind.]
843,Aydar GILYAZOV,11 JUN 1987,RUS,940,110mH [60mH ind.]
843,Ryan ENERSON,1997,USA,940,110mH
843,Avery TAYLOR,26 JUN 1998,USA,940,110mH
843,Julien TODOUAWOGA,18 APR 1998,FRA,940,110mH
843,Zane FARRER,,USA,940,110mH
843,Robin VAN DAMME,19 APR 1999,BEL,940,110mH [60mH ind.]
843,Kosaku MINAMI,29 JAN 1998,JPN,940,110mH
852,Tanner SAUNDERS,,USA,939,110mH [60mH ind.]
852,Donte IRVING,,USA,939,110mH
852,Federico PIAZZALUNGA,12 MAY 2000,ITA,939,110mH
852,Alexander ANDERSSON,27 DEC 1994,SWE,939,110mH [60mH ind.]
856,Romain MARTIN,12 JUL 1988,FRA,938,110mH [60mH ind.]
856,Andreas GUSTAFSSON,08 APR 1997,SWE,938,110mH [60mH ind.]
856,Ethan FAMIANO,,USA,938,110mH
856,Max GLOSKEY,,USA,938,110mH [60mH ind.]
856,Cameron SMITH,,USA,938,110mH [60mH ind.]
856,Marcus NELLUM,,USA,938,110mH [60mH ind.]
862,Florian DOMENIG,20 MAR 1995,AUT,937,110mH [60mH ind.]
862,Benjamin SCHNEIDER,27 MAR 1994,SUI,937,110mH
862,Jacob MORSE,,USA,937,110mH [60mH ind.]
862,Stijn DOM,15 FEB 1999,BEL,937,110mH [60mH ind.]
862,Jermanie BYRD,,USA,937,110mH
862,Carter DARION,,USA,937,110mH
862,D'Angelo FOSTER,,USA,937,110mH
862,Mcgriff CEDRIC,,USA,937,110mH [60mH ind.]
862,Matteo BONORA,24 AUG 1994,ITA,937,110mH [60mH ind.]
871,Philipp STADTER,1998,GER,936,110mH
871,Razvan Andrei TOMOZEI,15 JUN 1992,ROU,936,110mH [60mH ind.]
871,Pablo PICASSO,05 JAN 1997,MEX,936,110mH
871,Tard SMITH,1999,USA,936,110mH [60mH ind.]
871,Wade WALDER,,USA,936,110mH
871,Taiga YAMAGUCHI,14 JUL 1998,JPN,936,110mH
877,Cornelius COLEMAN,1998,USA,935,110mH [60mH ind.]
877,Dashawn WILLIAMS,,USA,935,110mH
877,Sam TALBOT,17 FEB 1999,GBR,935,110mH [60mH ind.]
880,Miguel PÉREZ,19 MAR 1995,ESP,934,110mH [60mH ind.]
880,Korey LONDON,,USA,934,110mH [60mH ind.]
880,Romain HATON,08 APR 1997,FRA,934,110mH
880,Cory GAITHER,,USA,934,110mH [60mH ind.]
880,Jeremiah BRIDGES,,USA,934,110mH [60mH ind.]
885,Shane ASTON,21 JUN 1994,IRL,933,110mH [60mH ind.]
885,Mikk Mihkel NURGES,24 DEC 1992,EST,933,110mH [60mH ind.]
885,Isaiah MARTIN,12 AUG 1999,USA,933,110mH [60mH ind.]
885,Guus NIJKAMP,02 MAY 2000,NED,933,110mH [60mH ind.]
885,Paul PLOWCHA,,USA,933,110mH [60mH ind.]
890,Marko MIŠKOVIĆ,27 JUL 1993,SRB,932,110mH
890,Dylan BURNETT,,USA,932,110mH [60mH ind.]
890,Nagisa TAGAWA,10 SEP 1998,JPN,932,110mH
893,Ache HALL,,USA,931,110mH [60mH ind.]
893,Ryan NESTA,,USA,931,110mH [60mH ind.]
893,Risto LILLEMETS,20 NOV 1997,EST,931,110mH [60mH ind.]
893,K.D.D. ARIYARATHNE,06 JUN 1994,SRI,931,110mH
897,Jackson BLANCHARD,,USA,930,110mH [60mH ind.]
897,Papdemba HIRAMATSU,15 DEC 1997,JPN,930,110mH
899,Savalas MORGAN,,USA,929,110mH
899,Rik TAAM,17 JAN 1997,NED,929,110mH [60mH ind.]
899,Wicher NIJKAMP,29 JAN 1992,NED,929,110mH [60mH ind.]
899,Elijah YOUNG,19 APR 1996,USA,929,110mH
899,Steven BASTIEN,04 MAR 1994,USA,929,110mH [60mH ind.]
899,Konstantinos TZIAKOURIS,01 JUN 1999,CYP,929,110mH [60mH ind.]
905,Khymani REID,2000,CAN,928,110mH [60mH ind.]
905,Bastien AUZEIL,22 OCT 1989,FRA,928,110mH [60mH ind.]
905,Cordell CUMMINGS,,USA,928,110mH [60mH ind.]
905,Lonnie MORTON,,USA,928,110mH
905,Morgan ELLIS-FOSTER,1996,USA,928,110mH [60mH ind.]
910,Paulo MIGUEL,1994,CAN,927,110mH [60mH ind.]
910,Jeremiah RICHARDSON,,USA,927,110mH [60mH ind.]
910,Cherry RAMIREZ,05 MAY 1998,VEN,927,110mH
913,Andrew WHITAKER,,USA,926,110mH
913,Nate BOWIE,,USA,926,110mH [60mH ind.]
913,Matheus DOS SANTOS CORTEZ,17 JAN 1999,BRA,926,110mH
916,Scott FILIP,28 JAN 1995,USA,925,110mH
916,Oleh KUKOTA,22 FEB 1997,UKR,925,110mH [60mH ind.]
916,Seth SPINO,,USA,925,110mH [60mH ind.]
916,Jalen BAILEY,,USA,925,"110mH [55mH ind.,60mH ind.]"
920,Paris FOSTER,,USA,924,110mH [60mH ind.]
920,Darius RAGLAND,,USA,924,110mH [60mH ind.]
920,Sam SCHUBERT,,USA,924,110mH
920,Tiago DO NASCIMENTO,07 JAN 1999,BRA,924,110mH
920,Cervantes JACKSON,11 AUG 1997,USA,924,110mH
920,Alexis MARCHESI,15 APR 1995,FRA,924,110mH [60mH ind.]
920,Hamza LAHOUAL,03 FEB 1993,MAR,924,110mH
927,Miguel Angel RAMO GIMENEZ,01 APR 1993,ESP,923,110mH
927,Edouard CONTIES,15 APR 1996,FRA,923,110mH
929,Eric KLOPFENSTEIN,,USA,922,110mH [60mH ind.]
929,Remi PERRET-JANOWIAK,15 JUN 1997,FRA,922,110mH [60mH ind.]
929,Yuri BOZHERYANOV,07 MAY 1986,BUL,922,110mH [60mH ind.]
929,Mikhail WILLIAMSON,02 MAR 1992,JAM,922,110mH [60mH ind.]
933,Gary HAASBROEK,15 MAR 1999,AUS,921,110mH [60mH ind.]
933,Bogdan PAVEL,1996,CAN,921,110mH
933,Kyle DECKER,,USA,921,110mH [60mH ind.]
933,Jake DEGRACE,,USA,921,110mH [60mH ind.]
933,Alexandre LEFEBVRE,18 SEP 1992,FRA,921,110mH [60mH ind.]
933,Fabrice MOANESA,18 NOV 1992,FRA,921,110mH
939,Michal ŘÍHA,01 JUL 1994,CZE,920,110mH [60mH ind.]
939,Allan BAINO,04 MAR 1999,FRA,920,110mH
939,Mamadou N'DIAYE,11 AUG 1997,FRA,920,110mH
939,Reid PIERZINSKI,,USA,920,110mH [60mH ind.]
939,Matthew DALY,1997,CAN,920,110mH [60mH ind.]
944,Sergio PANDIANI,10 MAR 1997,ARG,919,110mH
944,John SPIRK,,USA,919,110mH [60mH ind.]
944,Ben KHONGBUT,26 FEB 1989,AUS,919,110mH
944,Nick KRAVEC,31 MAY 1996,USA,919,110mH [60mH ind.]
944,Xiaodong LI,30 OCT 1996,CHN,919,110mH [60mH ind.]
944,Veeramani PALANI,17 MAR 1994,IND,919,110mH
944,Dainon WRAY,,USA,919,110mH [60mH ind.]
944,Vladislav KONDRATYEV,17 JUL 1998,KAZ,919,110mH [60mH ind.]
944,Aleksandr RUDCHENKO,08 MAR 1999,RUS,919,110mH [60mH ind.]
953,Jesse FRIMPONG,,USA,918,110mH [60mH ind.]
953,Paweł WIESIOŁEK,13 AUG 1991,POL,918,110mH [60mH ind.]
953,Valentin CHARLES,10 AUG 1997,FRA,918,110mH [60mH ind.]
953,Jonathan PLY,,USA,918,110mH [60mH ind.]
953,Brandon RUFFIN,,USA,918,110mH [60mH ind.]
953,Dimitris LEVANTINOS,08 SEP 1997,GRE,918,110mH
953,Cleet WRZESINSKI,,USA,918,110mH [60mH ind.]
953,Jordan THOMPSON,,USA,918,110mH [60mH ind.]
953,Noah KORTKAMP,,USA,918,110mH [60mH ind.]
953,Luciano LIMA,12 DEC 1996,POR,918,110mH [60mH ind.]
953,Johnie TALAMANTES,,USA,918,"110mH [55mH ind.,60mH ind.]"
953,Tyler BRENDEL,24 OCT 1994,USA,918,110mH [60mH ind.]
953,Isaiah ELLIS,,USA,918,110mH [55mH ind.]
953,Florian LICKTEIG,24 MAR 1996,GER,918,110mH [60mH ind.]
953,Patricio COLARTE,08 JAN 1994,CHI,918,110mH
953,Taylor EHRHARDT,11 APR 1991,CAN,918,110mH [60mH ind.]
969,Trent NYTES,21 DEC 1995,USA,917,110mH [60mH ind.]
969,Tim NOWAK,13 AUG 1995,GER,917,110mH [60mH ind.]
969,John SEALS,22 OCT 1995,USA,917,110mH [60mH ind.]
969,Jonathan PERRY,,USA,917,110mH
969,Zachary KLEPPE,,USA,917,110mH [60mH ind.]
969,Darren ARZU,,USA,917,110mH [60mH ind.]
969,Jared SCHRANG,,USA,917,110mH [60mH ind.]
969,Ruslan MALOHLOVETS,29 AUG 1994,UKR,917,110mH [60mH ind.]
969,Tyler LLOYD,,USA,917,110mH
969,Enoch CHEUNG,,USA,917,110mH [60mH ind.]
979,Aleksandar GRNOVIC,09 JAN 1996,SRB,916,110mH [60mH ind.]
979,Juwan AUGUSTINE-MAYERS,1997,BAR,916,110mH [60mH ind.]
979,Dimitri MONTILLA,13 JAN 1998,BEL,916,110mH
979,Martin RŮŽIČKA,29 DEC 1995,CZE,916,110mH
979,Anthony BROWN,,USA,916,110mH [60mH ind.]
979,Zach WISE,,USA,916,110mH [60mH ind.]
979,Tyler RHODES,,USA,916,110mH [60mH ind.]
979,Nolan WALKER,,USA,916,110mH [60mH ind.]
979,Christian OBERDICK,,USA,916,110mH
979,Renan PALMA,13 OCT 1990,ESA,916,110mH [60mH ind.]
979,K.P.H. NIRMAL,05 MAR 1992,SRI,916,110mH
990,Jordan WALLACE,,USA,915,110mH [60mH ind.]
990,James MUHARREM,1999,CAN,915,110mH [60mH ind.]
990,Michael MONAHAN,,USA,915,"110mH [55mH ind.,60mH ind.]"
990,Ayomide BYRON,,GBR,915,110mH [60mH ind.]
994,Andrew LINGWALL,,USA,914,110mH [55mH ind.]
994,Kavante DAWSON,,USA,914,110mH [60mH ind.]
994,Braylon HARRINGTON,,USA,914,"110mH [55mH ind.,60mH ind.]"
994,Landon KEEFOVER,,USA,914,110mH [60mH ind.]
994,Gratt REED,,USA,914,110mH [60mH ind.]
994,Josh ARMSTRONG,23 DEC 1999,IRL,914,110mH [60mH ind.]
994,Woo-seung SHON,17 APR 2000,KOR,914,110mH
994,Nicolo' GIACALONE,24 DEC 1997,ITA,914,110mH
994,Lorenz URSPRUNGER,28 MAY 1999,AUT,914,110mH [60mH ind.]
